-- =====================================================
-- 农作物种植生产管理系统 - 测试数据
-- Database: crop_management
-- =====================================================

USE crop_management;

SET NAMES utf8mb4;
SET CHARACTER_SET_CLIENT = utf8mb4;
SET CHARACTER_SET_RESULTS = utf8mb4;
SET CHARACTER_SET_CONNECTION = utf8mb4;

-- =====================================================
-- 1. 用户数据
-- 密码均为 123456 (BCrypt加密)
-- 管理员账号: admin / 123456
-- 技术员账号: tech01 / 123456
-- 种植户账号: farmer01 ~ farmer10 / 123456
-- =====================================================
INSERT INTO sys_user (username, password, real_name, phone, email, avatar, role, status, create_time, update_time) VALUES
('admin', '$2a$10$V2CvOObZYZhWiO53Karuw.KraY45mAeTHxHuSVK4Ee3aOmbrj5b7.', '系统管理员', '13800000001', 'admin@crop.com', NULL, 1, 1, '2025-01-15 08:00:00', '2025-01-15 08:00:00'),
('tech01', '$2a$10$V2CvOObZYZhWiO53Karuw.KraY45mAeTHxHuSVK4Ee3aOmbrj5b7.', '李技术', '13800000002', 'tech01@crop.com', NULL, 2, 1, '2025-01-20 09:00:00', '2025-01-20 09:00:00'),
('tech02', '$2a$10$V2CvOObZYZhWiO53Karuw.KraY45mAeTHxHuSVK4Ee3aOmbrj5b7.', '王指导', '13800000003', 'tech02@crop.com', NULL, 2, 1, '2025-02-01 09:00:00', '2025-02-01 09:00:00'),
('farmer01', '$2a$10$V2CvOObZYZhWiO53Karuw.KraY45mAeTHxHuSVK4Ee3aOmbrj5b7.', '张大山', '13900000001', 'farmer01@crop.com', NULL, 0, 1, '2025-02-10 10:00:00', '2025-02-10 10:00:00'),
('farmer02', '$2a$10$V2CvOObZYZhWiO53Karuw.KraY45mAeTHxHuSVK4Ee3aOmbrj5b7.', '李春花', '13900000002', 'farmer02@crop.com', NULL, 0, 1, '2025-02-12 10:30:00', '2025-02-12 10:30:00'),
('farmer03', '$2a$10$V2CvOObZYZhWiO53Karuw.KraY45mAeTHxHuSVK4Ee3aOmbrj5b7.', '王福田', '13900000003', 'farmer03@crop.com', NULL, 0, 1, '2025-02-15 11:00:00', '2025-02-15 11:00:00'),
('farmer04', '$2a$10$V2CvOObZYZhWiO53Karuw.KraY45mAeTHxHuSVK4Ee3aOmbrj5b7.', '赵丰收', '13900000004', 'farmer04@crop.com', NULL, 0, 1, '2025-02-18 14:00:00', '2025-02-18 14:00:00'),
('farmer05', '$2a$10$V2CvOObZYZhWiO53Karuw.KraY45mAeTHxHuSVK4Ee3aOmbrj5b7.', '刘金穗', '13900000005', 'farmer05@crop.com', NULL, 0, 1, '2025-03-01 08:30:00', '2025-03-01 08:30:00'),
('farmer06', '$2a$10$V2CvOObZYZhWiO53Karuw.KraY45mAeTHxHuSVK4Ee3aOmbrj5b7.', '陈稻香', '13900000006', 'farmer06@crop.com', NULL, 0, 1, '2025-03-05 09:15:00', '2025-03-05 09:15:00'),
('farmer07', '$2a$10$V2CvOObZYZhWiO53Karuw.KraY45mAeTHxHuSVK4Ee3aOmbrj5b7.', '孙绿野', '13900000007', 'farmer07@crop.com', NULL, 0, 1, '2025-03-10 10:00:00', '2025-03-10 10:00:00'),
('farmer08', '$2a$10$V2CvOObZYZhWiO53Karuw.KraY45mAeTHxHuSVK4Ee3aOmbrj5b7.', '周沃土', '13900000008', 'farmer08@crop.com', NULL, 0, 1, '2025-03-15 11:00:00', '2025-03-15 11:00:00'),
('farmer09', '$2a$10$V2CvOObZYZhWiO53Karuw.KraY45mAeTHxHuSVK4Ee3aOmbrj5b7.', '吴青苗', '13900000009', 'farmer09@crop.com', NULL, 0, 1, '2025-03-20 13:00:00', '2025-03-20 13:00:00'),
('farmer10', '$2a$10$V2CvOObZYZhWiO53Karuw.KraY45mAeTHxHuSVK4Ee3aOmbrj5b7.', '郑耕耘', '13900000010', 'farmer10@crop.com', NULL, 0, 1, '2025-03-25 15:00:00', '2025-03-25 15:00:00');

-- =====================================================
-- 2. 作物信息数据
-- =====================================================
INSERT INTO crop (name, variety, growth_cycle, planting_season, suitable_region, description, image, create_time, update_time) VALUES
('水稻', '中早39', 120, '春季', '华中、华南、华东', '中早熟品种，株型适中，茎秆粗壮，抗倒伏能力强，适合机械化收割', 'https://images.unsplash.com/photo-1536304993881-460e32630538?w=800&h=600&fit=crop', '2025-01-20 10:00:00', '2025-01-20 10:00:00'),
('水稻', '南粳46', 150, '春季', '长江中下游', '优质食味粳稻品种，米饭口感软糯，市场价格较高', 'https://images.unsplash.com/photo-1574323347407-f5e1ad6d020b?w=800&h=600&fit=crop', '2025-01-20 10:05:00', '2025-01-20 10:05:00'),
('小麦', '郑麦379', 240, '秋季', '黄淮海地区', '半冬性品种，高产稳产，抗病性好，适合大面积种植', 'https://images.unsplash.com/photo-1437252611977-07f74518abd7?w=800&h=600&fit=crop', '2025-01-20 10:10:00', '2025-01-20 10:10:00'),
('小麦', '济麦22', 230, '秋季', '华北平原', '大穗型品种，千粒重高，丰产性好', 'https://images.unsplash.com/photo-1530364071764-62e4e69b4f48?w=800&h=600&fit=crop', '2025-01-20 10:15:00', '2025-01-20 10:15:00'),
('玉米', '郑单958', 100, '春季/夏季', '全国大部分地区', '我国种植面积最大的品种之一，耐密植，产量高', 'https://images.unsplash.com/photo-1551754655-cd27e38d2076?w=800&h=600&fit=crop', '2025-01-20 10:20:00', '2025-01-20 10:20:00'),
('玉米', '先玉335', 105, '春季/夏季', '东北、华北', '出籽率高，容重大，适合机械化粒收', 'https://images.unsplash.com/photo-1601593768498-82b89e6be8a4?w=800&h=600&fit=crop', '2025-01-20 10:25:00', '2025-01-20 10:25:00'),
('大豆', '中黄13', 110, '夏季', '黄淮海地区', '高产大豆品种，蛋白含量高，百粒重大', 'https://images.unsplash.com/photo-1615485290382-441e4d049cb5?w=800&h=600&fit=crop', '2025-01-20 10:30:00', '2025-01-20 10:30:00'),
('花生', '花育25', 130, '春季', '华北、华东', '高油花生品种，出油率高，适合榨油', 'https://images.unsplash.com/photo-1567892320421-1c657571ea4a?w=800&h=600&fit=crop', '2025-01-20 10:35:00', '2025-01-20 10:35:00'),
('棉花', '鲁棉研37', 140, '春季', '黄河流域棉区', '抗虫棉品种，纤维品质好', 'https://images.unsplash.com/photo-1616431101624-e58c0051d50e?w=800&h=600&fit=crop', '2025-01-20 10:40:00', '2025-01-20 10:40:00'),
('土豆', '荷兰15', 90, '春季/秋季', '北方地区', '早熟品种，薯形规整，淀粉含量高', 'https://images.unsplash.com/photo-1518977676601-b53f82ber630?w=800&h=600&fit=crop', '2025-01-20 10:45:00', '2025-01-20 10:45:00'),
('番茄', '金鹏8号', 85, '春季', '全国各地', '无限生长型，果实大而均匀，抗病毒病', 'https://images.unsplash.com/photo-1592841200221-a6898f307baa?w=800&h=600&fit=crop', '2025-01-20 10:50:00', '2025-01-20 10:50:00'),
('黄瓜', '津优35', 60, '春季/秋季', '全国各地', '强雌性品种，瓜条顺直，刺瘤密', 'https://images.unsplash.com/photo-1449300079323-02e209d9d3a6?w=800&h=600&fit=crop', '2025-01-20 10:55:00', '2025-01-20 10:55:00'),
('辣椒', '线椒王', 75, '春季', '华中、西南', '线型辣椒，辣度中等，产量高，适合加工', 'https://images.unsplash.com/photo-1588252303782-cb80119abd6d?w=800&h=600&fit=crop', '2025-01-20 11:00:00', '2025-01-20 11:00:00'),
('白菜', '改良青杂3号', 70, '秋季', '华北、东北', '大白菜品种，抗病性强，耐储运', 'https://images.unsplash.com/photo-1598030343246-eec71cb44231?w=800&h=600&fit=crop', '2025-01-20 11:05:00', '2025-01-20 11:05:00'),
('红薯', '济薯25', 150, '春季', '中南地区', '鲜食型红薯，口感软糯香甜，薯形美观', 'https://images.unsplash.com/photo-1596097635092-6e7e1c1e5d90?w=800&h=600&fit=crop', '2025-01-20 11:10:00', '2025-01-20 11:10:00');

-- =====================================================
-- 3. 地块数据
-- =====================================================
INSERT INTO plot (user_id, name, area, location, soil_type, description, create_time, update_time) VALUES
(4, '东坡一号田', 15.50, '河南省郑州市新郑市龙湖镇东坡村', '壤土', '地势平坦，灌溉便利，适合种植小麦和玉米', '2025-02-15 10:00:00', '2025-02-15 10:00:00'),
(4, '东坡二号田', 8.30, '河南省郑州市新郑市龙湖镇东坡村', '黏土', '低洼地块，保水性好，适合水稻种植', '2025-02-15 10:10:00', '2025-02-15 10:10:00'),
(5, '春花家庭农场A区', 20.00, '河南省开封市尉氏县张市镇', '沙壤土', '大面积连片耕地，适合机械化作业', '2025-02-20 09:00:00', '2025-02-20 09:00:00'),
(5, '春花家庭农场B区', 12.00, '河南省开封市尉氏县张市镇', '壤土', '设有大棚设施，可种植蔬菜', '2025-02-20 09:10:00', '2025-02-20 09:10:00'),
(6, '福田承包地', 30.00, '河南省周口市淮阳区城关镇', '壤土', '规模化种植基地，配备喷灌设施', '2025-02-25 14:00:00', '2025-02-25 14:00:00'),
(7, '丰收园一区', 10.00, '河南省商丘市夏邑县济阳镇', '沙壤土', '花生主产区，排水良好', '2025-03-01 10:00:00', '2025-03-01 10:00:00'),
(7, '丰收园二区', 8.50, '河南省商丘市夏邑县济阳镇', '壤土', '旱地，适合种植玉米大豆轮作', '2025-03-01 10:10:00', '2025-03-01 10:10:00'),
(8, '金穗农场', 25.00, '河南省驻马店市西平县', '黏壤土', '高标准农田，水利设施完善', '2025-03-05 08:00:00', '2025-03-05 08:00:00'),
(9, '稻香湾', 18.00, '河南省信阳市光山县', '水稻土', '丘陵地区梯田，适合优质稻种植', '2025-03-10 09:00:00', '2025-03-10 09:00:00'),
(10, '绿野菜园', 5.00, '河南省郑州市中牟县', '壤土', '近郊菜园，主要种植时令蔬菜', '2025-03-15 10:00:00', '2025-03-15 10:00:00'),
(11, '沃土家庭农场', 22.00, '河南省南阳市邓州市', '壤土', '丘陵旱地，适合多种作物轮作', '2025-03-20 11:00:00', '2025-03-20 11:00:00'),
(12, '青苗试验田', 3.00, '河南省新乡市原阳县', '壤土', '品种试验田，土壤肥力好', '2025-03-25 14:00:00', '2025-03-25 14:00:00');

-- =====================================================
-- 4. 种植计划数据
-- =====================================================
INSERT INTO planting_plan (user_id, crop_id, plot_id, plan_name, planned_area, planned_start_date, planned_end_date, actual_start_date, actual_end_date, status, description, review_note, reviewer_id, review_time, create_time, update_time) VALUES
(4, 3, 1, '2025年冬小麦种植计划', 15.50, '2025-10-10', '2026-06-05', '2025-10-12', NULL, 3, '东坡一号田种植郑麦379冬小麦，预计亩产1100斤', '计划合理，批准执行', 2, '2025-10-08 10:00:00', '2025-10-05 09:00:00', '2025-10-12 10:00:00'),
(4, 1, 2, '2025年早稻种植计划', 8.30, '2025-04-15', '2025-08-15', '2025-04-18', '2025-08-20', 4, '东坡二号田种植中早39早稻', '审核通过', 2, '2025-04-12 09:00:00', '2025-04-10 08:00:00', '2025-08-20 16:00:00'),
(5, 5, 3, '2025年夏玉米种植计划', 20.00, '2025-06-10', '2025-09-20', '2025-06-12', '2025-09-25', 4, '大面积种植郑单958，计划亩产1300斤', '面积大，注意病虫害防治', 2, '2025-06-08 10:00:00', '2025-06-05 09:00:00', '2025-09-25 15:00:00'),
(5, 11, 4, '2025年春季番茄种植计划', 5.00, '2025-03-20', '2025-07-20', '2025-03-22', '2025-07-18', 4, '大棚番茄种植，金鹏8号品种', '批准', 3, '2025-03-18 14:00:00', '2025-03-15 10:00:00', '2025-07-18 17:00:00'),
(6, 3, 5, '2025年小麦-玉米轮作计划', 30.00, '2025-10-05', '2026-09-30', '2025-10-08', NULL, 3, '实施小麦玉米一年两熟轮作模式', '规模化种植，需加强田间管理', 2, '2025-10-03 11:00:00', '2025-10-01 08:00:00', '2025-10-08 09:00:00'),
(7, 8, 6, '2025年花生种植计划', 10.00, '2025-04-20', '2025-09-10', '2025-04-22', '2025-09-15', 4, '种植花育25高油花生', '适合当地条件', 3, '2025-04-18 10:00:00', '2025-04-15 09:00:00', '2025-09-15 14:00:00'),
(7, 7, 7, '2025年大豆种植计划', 8.50, '2025-06-15', '2025-10-15', '2025-06-18', NULL, 3, '种植中黄13大豆，与玉米轮作', '批准执行', 2, '2025-06-13 09:00:00', '2025-06-10 10:00:00', '2025-06-18 08:00:00'),
(8, 3, 8, '2025年优质小麦种植计划', 25.00, '2025-10-08', '2026-06-10', '2025-10-10', NULL, 3, '高标准农田种植优质强筋小麦', '注意播种密度控制', 2, '2025-10-06 10:00:00', '2025-10-03 09:00:00', '2025-10-10 07:00:00'),
(9, 2, 9, '2025年优质稻种植计划', 18.00, '2025-05-01', '2025-10-10', '2025-05-05', '2025-10-12', 4, '种植南粳46优质粳稻，目标亩产1000斤', '信阳稻区适合该品种', 3, '2025-04-28 09:00:00', '2025-04-25 10:00:00', '2025-10-12 16:00:00'),
(10, 12, 10, '2025年秋季黄瓜种植计划', 3.00, '2025-08-15', '2025-11-15', '2025-08-18', '2025-11-10', 4, '近郊菜园种植津优35黄瓜', '批准', 2, '2025-08-13 10:00:00', '2025-08-10 09:00:00', '2025-11-10 15:00:00'),
(11, 15, 11, '2025年红薯种植计划', 12.00, '2025-04-25', '2025-10-20', '2025-04-28', NULL, 3, '种植济薯25鲜食红薯', '南阳地区适合种植', 3, '2025-04-23 14:00:00', '2025-04-20 10:00:00', '2025-04-28 08:00:00'),
(12, 5, 12, '2025年玉米品种对比试验', 3.00, '2025-06-05', '2025-09-15', '2025-06-08', '2025-09-18', 4, '郑单958与先玉335品种对比', '试验方案科学合理', 2, '2025-06-03 09:00:00', '2025-06-01 10:00:00', '2025-09-18 16:00:00'),
(4, 5, 1, '2026年夏玉米种植计划', 15.50, '2026-06-10', '2026-09-20', NULL, NULL, 0, '冬小麦收获后种植夏玉米', NULL, NULL, NULL, '2025-12-20 10:00:00', '2025-12-20 10:00:00'),
(5, 13, 4, '2026年春季辣椒种植计划', 5.00, '2026-03-15', '2026-08-30', NULL, NULL, 1, '大棚种植线椒王辣椒', '批准执行', 2, '2026-01-10 09:00:00', '2026-01-05 10:00:00', '2026-01-10 09:00:00'),
(6, 14, 5, '2026年秋白菜种植计划', 10.00, '2026-08-10', '2026-11-20', NULL, NULL, 2, '种植改良青杂3号大白菜', '建议调整种植面积', NULL, NULL, '2025-12-15 09:00:00', '2025-12-15 09:00:00');

-- =====================================================
-- 5. 田间作业记录数据
-- =====================================================
INSERT INTO field_operation (plan_id, user_id, operation_type, operation_date, description, images, material_id, material_quantity, create_time, update_time) VALUES
-- 冬小麦作业记录
(1, 4, 2, '2025-10-12', '底肥施用：每亩施复合肥40公斤', NULL, NULL, NULL, '2025-10-12 08:00:00', '2025-10-12 08:00:00'),
(1, 4, 1, '2025-11-15', '冬灌：每亩灌水60方，确保越冬水分', NULL, NULL, NULL, '2025-11-15 09:00:00', '2025-11-15 09:00:00'),
(1, 4, 2, '2026-02-20', '返青肥：每亩追施尿素15公斤', NULL, NULL, NULL, '2026-02-20 08:30:00', '2026-02-20 08:30:00'),
(1, 4, 3, '2026-03-10', '喷施除草剂苯磺隆，防治阔叶杂草', NULL, NULL, NULL, '2026-03-10 07:00:00', '2026-03-10 07:00:00'),
(1, 4, 1, '2026-03-25', '拔节水：每亩灌水50方', NULL, NULL, NULL, '2026-03-25 06:30:00', '2026-03-25 06:30:00'),
-- 早稻作业记录
(2, 4, 2, '2025-04-18', '插秧前基肥施用', NULL, NULL, NULL, '2025-04-18 07:00:00', '2025-04-18 07:00:00'),
(2, 4, 1, '2025-05-10', '稻田灌溉补水', NULL, NULL, NULL, '2025-05-10 06:00:00', '2025-05-10 06:00:00'),
(2, 4, 2, '2025-05-20', '分蘖肥：每亩追施尿素10公斤', NULL, NULL, NULL, '2025-05-20 07:30:00', '2025-05-20 07:30:00'),
(2, 4, 3, '2025-06-15', '喷施稻瘟灵防治稻瘟病', NULL, NULL, NULL, '2025-06-15 06:00:00', '2025-06-15 06:00:00'),
(2, 4, 5, '2025-08-18', '机械收割早稻', NULL, NULL, NULL, '2025-08-18 08:00:00', '2025-08-18 08:00:00'),
-- 夏玉米作业记录
(3, 5, 2, '2025-06-12', '底肥：每亩施复合肥30公斤', NULL, NULL, NULL, '2025-06-12 07:00:00', '2025-06-12 07:00:00'),
(3, 5, 4, '2025-07-01', '中耕除草培土', NULL, NULL, NULL, '2025-07-01 06:30:00', '2025-07-01 06:30:00'),
(3, 5, 2, '2025-07-15', '大喇叭口期追肥：每亩施尿素25公斤', NULL, NULL, NULL, '2025-07-15 07:00:00', '2025-07-15 07:00:00'),
(3, 5, 3, '2025-08-05', '喷施吡虫啉防治玉米螟', NULL, NULL, NULL, '2025-08-05 06:00:00', '2025-08-05 06:00:00'),
(3, 5, 1, '2025-08-20', '灌浆期浇水', NULL, NULL, NULL, '2025-08-20 05:30:00', '2025-08-20 05:30:00'),
(3, 5, 5, '2025-09-22', '机械粒收玉米', NULL, NULL, NULL, '2025-09-22 08:00:00', '2025-09-22 08:00:00'),
-- 番茄作业记录
(4, 5, 2, '2025-03-22', '大棚番茄定植施底肥', NULL, NULL, NULL, '2025-03-22 09:00:00', '2025-03-22 09:00:00'),
(4, 5, 1, '2025-04-10', '滴灌浇水', NULL, NULL, NULL, '2025-04-10 08:00:00', '2025-04-10 08:00:00'),
(4, 5, 6, '2025-04-25', '搭架绑蔓整枝', NULL, NULL, NULL, '2025-04-25 07:30:00', '2025-04-25 07:30:00'),
(4, 5, 3, '2025-05-15', '喷施百菌清防治早疫病', NULL, NULL, NULL, '2025-05-15 06:30:00', '2025-05-15 06:30:00'),
-- 花生作业记录
(6, 7, 2, '2025-04-22', '播前施底肥，每亩施有机肥2000公斤', NULL, NULL, NULL, '2025-04-22 08:00:00', '2025-04-22 08:00:00'),
(6, 7, 4, '2025-05-20', '第一次中耕除草', NULL, NULL, NULL, '2025-05-20 07:00:00', '2025-05-20 07:00:00'),
(6, 7, 2, '2025-06-10', '花期追施钙肥', NULL, NULL, NULL, '2025-06-10 07:30:00', '2025-06-10 07:30:00'),
(6, 7, 3, '2025-07-20', '喷药防治花生叶斑病', NULL, NULL, NULL, '2025-07-20 06:00:00', '2025-07-20 06:00:00'),
(6, 7, 5, '2025-09-12', '机械收获花生', NULL, NULL, NULL, '2025-09-12 08:00:00', '2025-09-12 08:00:00'),
-- 优质稻作业记录
(9, 9, 2, '2025-05-05', '水田耙平施底肥', NULL, NULL, NULL, '2025-05-05 07:00:00', '2025-05-05 07:00:00'),
(9, 9, 1, '2025-06-01', '稻田灌溉管理', NULL, NULL, NULL, '2025-06-01 06:00:00', '2025-06-01 06:00:00'),
(9, 9, 2, '2025-06-25', '分蘖期追施分蘖肥', NULL, NULL, NULL, '2025-06-25 07:00:00', '2025-06-25 07:00:00'),
(9, 9, 3, '2025-08-10', '喷施三环唑防治稻瘟病', NULL, NULL, NULL, '2025-08-10 06:30:00', '2025-08-10 06:30:00'),
(9, 9, 5, '2025-10-10', '收割优质稻谷', NULL, NULL, NULL, '2025-10-10 08:00:00', '2025-10-10 08:00:00'),
-- 黄瓜作业记录
(10, 10, 2, '2025-08-18', '施底肥整地做畦', NULL, NULL, NULL, '2025-08-18 08:00:00', '2025-08-18 08:00:00'),
(10, 10, 1, '2025-09-01', '浇定植水', NULL, NULL, NULL, '2025-09-01 07:00:00', '2025-09-01 07:00:00'),
(10, 10, 6, '2025-09-15', '搭架引蔓', NULL, NULL, NULL, '2025-09-15 07:30:00', '2025-09-15 07:30:00'),
(10, 10, 3, '2025-10-05', '喷施甲基托布津防治霜霉病', NULL, NULL, NULL, '2025-10-05 06:30:00', '2025-10-05 06:30:00'),
-- 玉米试验田作业记录
(12, 12, 2, '2025-06-08', '分区施等量底肥', NULL, NULL, NULL, '2025-06-08 08:00:00', '2025-06-08 08:00:00'),
(12, 12, 1, '2025-07-10', '统一灌溉', NULL, NULL, NULL, '2025-07-10 06:00:00', '2025-07-10 06:00:00'),
(12, 12, 6, '2025-08-01', '测量株高、叶面积等性状数据', NULL, NULL, NULL, '2025-08-01 09:00:00', '2025-08-01 09:00:00'),
(12, 12, 5, '2025-09-15', '分区域收获测产', NULL, NULL, NULL, '2025-09-15 08:00:00', '2025-09-15 08:00:00');

-- =====================================================
-- 6. 农资信息数据
-- =====================================================
INSERT INTO agricultural_material (name, type, unit, specification, manufacturer, price, description, image, create_time, update_time) VALUES
('郑麦379种子', 1, '公斤', '25公斤/袋', '河南省农科院', 8.50, '半冬性优质小麦品种种子', 'https://images.unsplash.com/photo-1574323347407-f5e1ad6d020b?w=400&h=300&fit=crop', '2025-01-25 10:00:00', '2025-01-25 10:00:00'),
('中早39稻种', 1, '公斤', '5公斤/袋', '中国水稻研究所', 15.00, '早熟籼稻品种种子', 'https://images.unsplash.com/photo-1586201375761-83865001e31c?w=400&h=300&fit=crop', '2025-01-25 10:05:00', '2025-01-25 10:05:00'),
('郑单958玉米种', 1, '公斤', '10公斤/袋', '河南秋乐种业', 25.00, '高产玉米杂交种', 'https://images.unsplash.com/photo-1601593768498-82b89e6be8a4?w=400&h=300&fit=crop', '2025-01-25 10:10:00', '2025-01-25 10:10:00'),
('花育25花生种', 1, '公斤', '15公斤/袋', '山东花生研究所', 12.00, '高油花生品种种子', 'https://images.unsplash.com/photo-1567892320421-1c657571ea4a?w=400&h=300&fit=crop', '2025-01-25 10:15:00', '2025-01-25 10:15:00'),
('复合肥(15-15-15)', 2, '公斤', '50公斤/袋', '金正大集团', 2.80, '氮磷钾均衡型复合肥，适合底肥施用', 'https://images.unsplash.com/photo-1416879595882-3373a0480b5b?w=400&h=300&fit=crop', '2025-01-25 10:20:00', '2025-01-25 10:20:00'),
('尿素(含氮46%)', 2, '公斤', '50公斤/袋', '晋煤集团', 2.20, '高浓度氮肥，适合追肥使用', 'https://images.unsplash.com/photo-1464226184884-fa280b87c399?w=400&h=300&fit=crop', '2025-01-25 10:25:00', '2025-01-25 10:25:00'),
('磷酸二铵', 2, '公斤', '50公斤/袋', '云天化集团', 3.50, '高效磷钾肥，适合底肥', 'https://images.unsplash.com/photo-1625246333195-78d9c38ad449?w=400&h=300&fit=crop', '2025-01-25 10:30:00', '2025-01-25 10:30:00'),
('有机肥(发酵鸡粪)', 2, '公斤', '40公斤/袋', '本地有机肥厂', 0.80, '腐熟有机肥，改良土壤', 'https://images.unsplash.com/photo-1592419044706-39796d40f98c?w=400&h=300&fit=crop', '2025-01-25 10:35:00', '2025-01-25 10:35:00'),
('苯磺隆除草剂', 3, '克', '10克/袋', '江苏丰山集团', 3.00, '小麦田阔叶杂草专用除草剂', 'https://images.unsplash.com/photo-1585399000684-d2f72660f092?w=400&h=300&fit=crop', '2025-01-25 10:40:00', '2025-01-25 10:40:00'),
('吡虫啉', 3, '克', '100克/瓶', '拜耳作物科学', 18.00, '内吸性杀虫剂，防治蚜虫、飞虱等', 'https://images.unsplash.com/photo-1530836369250-ef72a3f5cda8?w=400&h=300&fit=crop', '2025-01-25 10:45:00', '2025-01-25 10:45:00'),
('稻瘟灵', 3, '毫升', '500毫升/瓶', '浙江新农化工', 25.00, '稻瘟病专用杀菌剂', 'https://images.unsplash.com/photo-1628352081506-83c43123ed6d?w=400&h=300&fit=crop', '2025-01-25 10:50:00', '2025-01-25 10:50:00'),
('百菌清', 3, '克', '250克/袋', '利民化工', 15.00, '广谱保护性杀菌剂', 'https://images.unsplash.com/photo-1563514227147-6d2ff665a6a0?w=400&h=300&fit=crop', '2025-01-25 10:55:00', '2025-01-25 10:55:00'),
('背负式喷雾器', 4, '台', '16升', '丰利达农机', 180.00, '手动背负式喷雾器，适合小面积喷药', 'https://images.unsplash.com/photo-1586771107445-b3e9e84c8776?w=400&h=300&fit=crop', '2025-01-25 11:00:00', '2025-01-25 11:00:00'),
('微耕机', 4, '台', '6.5马力', '重庆威马农机', 2800.00, '小型旋耕机，适合菜地翻耕', 'https://images.unsplash.com/photo-1544735716-392fe2489ffa?w=400&h=300&fit=crop', '2025-01-25 11:05:00', '2025-01-25 11:05:00'),
('地膜(黑色)', 5, '卷', '1.2m*400m', '天津塑料五厂', 65.00, '黑色地膜，抑草保湿', 'https://images.unsplash.com/photo-1523348837708-15d4a09cfac2?w=400&h=300&fit=crop', '2025-01-25 11:10:00', '2025-01-25 11:10:00'),
('滴灌带', 5, '米', '16mm口径', '大禹节水', 0.35, '内镶贴片式滴灌带，间距30cm', 'https://images.unsplash.com/photo-1560493676-04071c5f467b?w=400&h=300&fit=crop', '2025-01-25 11:15:00', '2025-01-25 11:15:00');

-- =====================================================
-- 7. 库存数据
-- =====================================================
INSERT INTO inventory (material_id, quantity, warning_threshold, create_time, update_time) VALUES
(1, 500.00, 50.00, '2025-02-01 10:00:00', '2025-10-01 10:00:00'),
(2, 200.00, 30.00, '2025-02-01 10:05:00', '2025-04-01 10:00:00'),
(3, 300.00, 40.00, '2025-02-01 10:10:00', '2025-06-01 10:00:00'),
(4, 150.00, 20.00, '2025-02-01 10:15:00', '2025-04-01 10:00:00'),
(5, 2000.00, 200.00, '2025-02-01 10:20:00', '2025-10-01 10:00:00'),
(6, 1500.00, 150.00, '2025-02-01 10:25:00', '2025-10-01 10:00:00'),
(7, 800.00, 100.00, '2025-02-01 10:30:00', '2025-06-01 10:00:00'),
(8, 3000.00, 500.00, '2025-02-01 10:35:00', '2025-04-01 10:00:00'),
(9, 50.00, 10.00, '2025-02-01 10:40:00', '2025-10-01 10:00:00'),
(10, 800.00, 100.00, '2025-02-01 10:45:00', '2025-08-01 10:00:00'),
(11, 1500.00, 200.00, '2025-02-01 10:50:00', '2025-06-01 10:00:00'),
(12, 500.00, 50.00, '2025-02-01 10:55:00', '2025-05-01 10:00:00'),
(13, 5.00, 2.00, '2025-02-01 11:00:00', '2025-02-01 11:00:00'),
(14, 2.00, 1.00, '2025-02-01 11:05:00', '2025-02-01 11:05:00'),
(15, 20.00, 5.00, '2025-02-01 11:10:00', '2025-08-01 10:00:00'),
(16, 5000.00, 500.00, '2025-02-01 11:15:00', '2025-03-01 10:00:00');

-- =====================================================
-- 8. 库存变动记录数据
-- =====================================================
INSERT INTO inventory_record (material_id, user_id, type, quantity, reason, create_time) VALUES
(1, 1, 1, 600.00, '2025年秋季小麦种子采购', '2025-09-15 10:00:00'),
(1, 4, 2, 50.00, '张大山领用小麦种子', '2025-10-10 08:00:00'),
(1, 6, 2, 50.00, '王福田领用小麦种子', '2025-10-06 09:00:00'),
(5, 1, 1, 3000.00, '2025年秋季复合肥集中采购', '2025-09-20 10:00:00'),
(5, 4, 2, 620.00, '张大山领用复合肥底肥', '2025-10-12 07:00:00'),
(5, 6, 2, 380.00, '王福田领用复合肥', '2025-10-08 07:30:00'),
(6, 1, 1, 2000.00, '采购尿素', '2025-02-15 10:00:00'),
(6, 4, 2, 233.00, '张大山领用尿素追肥', '2026-02-20 08:00:00'),
(6, 5, 2, 267.00, '李春花领用尿素', '2025-07-15 06:30:00'),
(2, 1, 1, 250.00, '采购早稻种子', '2025-03-20 10:00:00'),
(2, 4, 2, 50.00, '张大山领用早稻种子', '2025-04-16 08:00:00'),
(3, 1, 1, 400.00, '采购玉米种子', '2025-05-20 10:00:00'),
(3, 5, 2, 60.00, '李春花领用玉米种子', '2025-06-10 07:00:00'),
(3, 12, 2, 40.00, '郑耕耘领用玉米种子(试验)', '2025-06-06 08:00:00'),
(9, 1, 1, 80.00, '采购苯磺隆除草剂', '2025-02-25 10:00:00'),
(9, 4, 2, 30.00, '张大山领用除草剂', '2026-03-09 08:00:00'),
(10, 1, 1, 1000.00, '采购吡虫啉', '2025-07-01 10:00:00'),
(10, 5, 2, 200.00, '李春花领用吡虫啉', '2025-08-04 06:00:00'),
(4, 1, 1, 200.00, '采购花生种子', '2025-03-25 10:00:00'),
(4, 7, 2, 50.00, '赵丰收领用花生种子', '2025-04-20 07:00:00'),
(11, 1, 1, 2000.00, '采购稻瘟灵', '2025-05-01 10:00:00'),
(11, 9, 2, 500.00, '陈稻香领用稻瘟灵', '2025-08-09 06:00:00'),
(8, 1, 1, 5000.00, '采购有机肥', '2025-03-15 10:00:00'),
(8, 7, 2, 2000.00, '赵丰收领用有机肥', '2025-04-21 07:00:00');

-- =====================================================
-- 9. 产量记录数据
-- =====================================================
INSERT INTO yield_record (plan_id, user_id, quantity, unit, harvest_date, quality, notes, create_time, update_time) VALUES
(2, 4, 4150.00, '斤', '2025-08-18', '一等', '早稻亩产约500斤，总产4150斤，品质优良', '2025-08-20 10:00:00', '2025-08-20 10:00:00'),
(3, 5, 26000.00, '斤', '2025-09-25', '一等', '夏玉米亩产1300斤，总产26000斤', '2025-09-26 10:00:00', '2025-09-26 10:00:00'),
(4, 5, 15000.00, '斤', '2025-07-18', '特级', '大棚番茄亩产3000斤，品质优秀', '2025-07-19 10:00:00', '2025-07-19 10:00:00'),
(6, 7, 5000.00, '斤', '2025-09-15', '一等', '花生亩产500斤(鲜果)，出油率高', '2025-09-16 10:00:00', '2025-09-16 10:00:00'),
(9, 9, 18000.00, '斤', '2025-10-12', '特级', '南粳46优质稻亩产1000斤，米质优良', '2025-10-13 10:00:00', '2025-10-13 10:00:00'),
(10, 10, 6000.00, '斤', '2025-11-10', '一等', '秋黄瓜亩产2000斤', '2025-11-11 10:00:00', '2025-11-11 10:00:00'),
(12, 12, 1800.00, '斤', '2025-09-18', '一等', '郑单958试验区亩产1250斤', '2025-09-19 10:00:00', '2025-09-19 10:00:00'),
(12, 12, 1650.00, '斤', '2025-09-18', '一等', '先玉335试验区亩产1100斤', '2025-09-19 10:30:00', '2025-09-19 10:30:00');

-- =====================================================
-- 10. 成本记录数据
-- =====================================================
INSERT INTO cost_record (plan_id, user_id, type, amount, description, cost_date, create_time, update_time) VALUES
-- 冬小麦成本
(1, 4, 1, 425.00, '小麦种子费用：50公斤*8.5元/公斤', '2025-10-10', '2025-10-10 10:00:00', '2025-10-10 10:00:00'),
(1, 4, 2, 1736.00, '复合肥底肥费用：620公斤*2.8元/公斤', '2025-10-12', '2025-10-12 10:00:00', '2025-10-12 10:00:00'),
(1, 4, 2, 512.00, '追施尿素费用：233公斤*2.2元/公斤', '2026-02-20', '2026-02-20 10:00:00', '2026-02-20 10:00:00'),
(1, 4, 3, 90.00, '苯磺隆除草剂费用', '2026-03-10', '2026-03-10 10:00:00', '2026-03-10 10:00:00'),
(1, 4, 4, 1200.00, '播种人工费', '2025-10-12', '2025-10-12 10:00:00', '2025-10-12 10:00:00'),
(1, 4, 5, 800.00, '旋耕机整地费用', '2025-10-08', '2025-10-08 10:00:00', '2025-10-08 10:00:00'),
-- 早稻成本
(2, 4, 1, 750.00, '早稻种子费用', '2025-04-16', '2025-04-16 10:00:00', '2025-04-16 10:00:00'),
(2, 4, 2, 580.00, '基肥费用', '2025-04-18', '2025-04-18 10:00:00', '2025-04-18 10:00:00'),
(2, 4, 4, 2400.00, '插秧人工费', '2025-04-20', '2025-04-20 10:00:00', '2025-04-20 10:00:00'),
(2, 4, 3, 200.00, '稻瘟灵农药费', '2025-06-15', '2025-06-15 10:00:00', '2025-06-15 10:00:00'),
(2, 4, 5, 600.00, '收割机费用', '2025-08-18', '2025-08-18 10:00:00', '2025-08-18 10:00:00'),
-- 夏玉米成本
(3, 5, 1, 1500.00, '玉米种子费用', '2025-06-10', '2025-06-10 10:00:00', '2025-06-10 10:00:00'),
(3, 5, 2, 1680.00, '复合肥费用', '2025-06-12', '2025-06-12 10:00:00', '2025-06-12 10:00:00'),
(3, 5, 2, 587.00, '追施尿素费用', '2025-07-15', '2025-07-15 10:00:00', '2025-07-15 10:00:00'),
(3, 5, 3, 360.00, '吡虫啉杀虫剂费用', '2025-08-05', '2025-08-05 10:00:00', '2025-08-05 10:00:00'),
(3, 5, 4, 2000.00, '田间管理人工费', '2025-08-30', '2025-08-30 10:00:00', '2025-08-30 10:00:00'),
(3, 5, 5, 1600.00, '收割机械费', '2025-09-22', '2025-09-22 10:00:00', '2025-09-22 10:00:00'),
-- 番茄成本
(4, 5, 1, 800.00, '番茄苗费用', '2025-03-20', '2025-03-20 10:00:00', '2025-03-20 10:00:00'),
(4, 5, 2, 500.00, '底肥费用', '2025-03-22', '2025-03-22 10:00:00', '2025-03-22 10:00:00'),
(4, 5, 4, 3000.00, '搭架整枝人工费', '2025-04-25', '2025-04-25 10:00:00', '2025-04-25 10:00:00'),
(4, 5, 3, 150.00, '百菌清杀菌剂费用', '2025-05-15', '2025-05-15 10:00:00', '2025-05-15 10:00:00'),
-- 花生成本
(6, 7, 1, 600.00, '花生种子费用', '2025-04-20', '2025-04-20 10:00:00', '2025-04-20 10:00:00'),
(6, 7, 2, 1600.00, '有机肥底肥费用', '2025-04-22', '2025-04-22 10:00:00', '2025-04-22 10:00:00'),
(6, 7, 4, 1000.00, '中耕除草人工费', '2025-05-20', '2025-05-20 10:00:00', '2025-05-20 10:00:00'),
(6, 7, 3, 250.00, '叶斑病农药费', '2025-07-20', '2025-07-20 10:00:00', '2025-07-20 10:00:00'),
-- 优质稻成本
(9, 9, 1, 2700.00, '南粳46种子费用', '2025-04-28', '2025-04-28 10:00:00', '2025-04-28 10:00:00'),
(9, 9, 2, 2500.00, '底肥+追肥费用', '2025-05-05', '2025-05-05 10:00:00', '2025-05-05 10:00:00'),
(9, 9, 4, 5400.00, '插秧+田间管理人工费', '2025-05-20', '2025-05-20 10:00:00', '2025-05-20 10:00:00'),
(9, 9, 3, 450.00, '稻瘟病防治农药费', '2025-08-10', '2025-08-10 10:00:00', '2025-08-10 10:00:00'),
(9, 9, 5, 1800.00, '收割机械费', '2025-10-10', '2025-10-10 10:00:00', '2025-10-10 10:00:00');

-- =====================================================
-- 11. 公告数据
-- =====================================================
INSERT INTO announcement (title, content, publisher_id, status, create_time, update_time) VALUES
('关于2025年秋季种子补贴申报的通知', '各位种植户：\n\n根据上级文件精神，2025年秋季种子补贴申报工作即将开始。请符合条件的种植户于10月30日前，携带身份证、土地承包合同等材料到村委会办理申报手续。\n\n补贴标准：小麦种子每亩补贴15元，玉米种子每亩补贴10元。\n\n联系电话：0371-68888888', 1, 1, '2025-10-01 09:00:00', '2025-10-01 09:00:00'),
('冬小麦播种技术要点提醒', '各位种植户：\n\n当前正值冬小麦播种关键期，请注意以下技术要点：\n1. 播种适期：10月10日-25日\n2. 播种量：亩播12-15公斤\n3. 底肥：亩施复合肥40公斤+有机肥1000公斤\n4. 播种深度：3-5厘米\n5. 播后镇压保墒\n\n如有技术问题，请联系技术指导人员。', 1, 1, '2025-10-05 08:00:00', '2025-10-05 08:00:00'),
('关于加强秋季田间管理的通知', '各位种植户：\n\n近期天气变化较大，请注意做好秋作物田间管理工作：\n1. 已播冬小麦要及时查苗补缺\n2. 在田秋作物要适时收获，避免雨淋\n3. 加强农资仓库管理，防火防潮\n4. 注意田间用火安全\n\n安全生产，人人有责！', 1, 1, '2025-10-15 10:00:00', '2025-10-15 10:00:00'),
('2025年度优秀种植户评选活动启动', '各位种植户：\n\n为表彰先进、树立典型，现开展2025年度优秀种植户评选活动。\n\n评选标准：\n1. 种植面积10亩以上\n2. 产量达到当地平均水平的110%以上\n3. 积极参与技术培训和新品种试验\n4. 规范使用农资，做好记录\n\n请有意参评的种植户于12月15日前提交申报材料。', 1, 1, '2025-11-20 09:00:00', '2025-11-20 09:00:00'),
('春节期间服务安排公告', '各位种植户：\n\n春节期间（2026年1月28日-2月4日），平台技术服务将安排值班人员在线。\n\n值班安排：\n- 李技术（13800000002）：1月28日-1月31日\n- 王指导（13800000003）：2月1日-2月4日\n\n紧急情况请拨打值班电话。\n\n祝大家新春愉快！', 1, 1, '2026-01-20 10:00:00', '2026-01-20 10:00:00'),
('2026年春季农资团购报名通知', '各位种植户：\n\n为降低农资采购成本，平台组织2026年春季农资团购活动。\n\n团购品种：\n1. 复合肥（15-15-15）：团购价2.5元/公斤（市场价2.8元）\n2. 尿素：团购价1.9元/公斤（市场价2.2元）\n3. 各类种子：8折优惠\n\n报名截止：2026年2月28日\n请在系统中提交需求清单。', 1, 1, '2026-02-01 08:00:00', '2026-02-01 08:00:00'),
('关于系统升级维护的通知（草稿）', '系统将于近期进行版本升级，届时可能短暂影响使用。具体时间另行通知。', 1, 0, '2026-01-25 14:00:00', '2026-01-25 14:00:00');

-- =====================================================
-- 12. 技术指导数据
-- =====================================================
INSERT INTO technical_guidance (title, content, crop_id, author_id, create_time, update_time) VALUES
('冬小麦返青期管理技术要点', '一、查苗补缺\n返青后及时查苗，对缺苗断垄处进行补种或移栽。\n\n二、追施返青肥\n对弱苗田块，每亩追施尿素10-15公斤；壮苗田块可推迟至拔节期追肥。\n\n三、化学除草\n在小麦返青至拔节前（2月下旬至3月中旬），选择晴暖天气进行化学除草。\n- 阔叶杂草：苯磺隆10克/亩\n- 禾本杂草：炔草酯30毫升/亩\n\n四、病虫害防治\n注意监测纹枯病、条锈病，发现中心病株及时喷药防治。\n\n五、适时浇水\n结合追肥进行春季第一水，促进返青生长。', 3, 2, '2026-02-15 10:00:00', '2026-02-15 10:00:00'),
('水稻育秧及大田管理技术指南', '一、育秧\n1. 浸种催芽：用咪鲜胺浸种48小时，催芽至露白\n2. 秧田管理：保持秧田湿润，适时通风炼苗\n3. 壮秧标准：叶龄3.5-4.0叶，根系发达\n\n二、移栽\n1. 移栽密度：行距30cm，穴距15cm\n2. 插秧深度：1-2cm\n3. 适时早栽，抢积温\n\n三、大田管理\n1. 水分管理：浅水栽秧、深水返青、薄水分蘖、够苗晒田\n2. 施肥：底肥+分蘖肥+穗肥，氮磷钾配合\n3. 病虫害：注意稻瘟病、稻飞虱防治\n\n四、收获\n完熟期及时收获，避免落粒损失。', 1, 2, '2025-04-01 09:00:00', '2025-04-01 09:00:00'),
('玉米高产栽培技术', '一、品种选择\n根据当地积温条件选择适宜品种，如郑单958、先玉335等。\n\n二、播种\n1. 播种期：夏播6月10日前，春播4月下旬\n2. 密度：4000-4500株/亩\n3. 播深：3-5cm\n\n三、田间管理\n1. 查苗补苗：出苗后及时查苗\n2. 中耕除草：苗期1-2次中耕\n3. 追肥：大喇叭口期追施尿素25公斤/亩\n4. 适时灌溉：抽雄散粉期和灌浆期保证水分供应\n\n四、病虫害防治\n重点防治玉米螟：大喇叭口期用吡虫啉灌心。\n\n五、收获\n完熟后及时收获，含水量降至28%以下机收。', 5, 2, '2025-05-20 10:00:00', '2025-05-20 10:00:00'),
('花生高产栽培管理技术', '一、整地与施肥\n1. 深翻25cm以上\n2. 底肥：有机肥2000公斤/亩+复合肥30公斤/亩\n3. 花生喜钙，注意补充钙肥\n\n二、播种\n1. 播种期：地温稳定在15℃以上时播种\n2. 密度：大花生8000-9000穴/亩\n3. 播深：3-5cm\n\n三、田间管理\n1. 中耕培土：花针入土前最后一次中耕培土\n2. 化控：盛花期喷施多效唑控旺\n3. 叶面喷肥：花后喷施磷酸二氢钾\n\n四、病虫害\n注意叶斑病、锈病防治，适时用药。\n\n五、收获\n饱果率达80%以上时收获。', 8, 3, '2025-04-10 10:00:00', '2025-04-10 10:00:00'),
('大棚蔬菜病虫害综合防治技术', '一、防治原则\n坚持"预防为主、综合防治"的方针，优先采用农业防治和物理防治。\n\n二、农业防治\n1. 合理轮作，减少土传病害\n2. 清洁田园，及时清除病残体\n3. 合理密植，改善通风透光条件\n\n三、物理防治\n1. 黄板诱杀：悬挂黄色粘虫板，防治白粉虱、蚜虫\n2. 防虫网：棚门和通风口安装防虫网\n3. 高温闷棚：换茬时密闭棚室升温消毒\n\n四、化学防治\n1. 番茄早疫病：百菌清600倍液喷雾\n2. 黄瓜霜霉病：甲基托布津500倍液\n3. 蚜虫：吡虫啉2000倍液\n\n注意安全间隔期，确保蔬菜安全。', NULL, 3, '2025-05-10 09:00:00', '2025-05-10 09:00:00'),
('测土配方施肥技术要点', '一、什么是测土配方施肥\n通过对土壤养分进行测试分析，根据作物需肥规律和目标产量，制定科学的施肥方案。\n\n二、施肥原则\n1. 有机无机结合\n2. 氮磷钾平衡\n3. 基追肥结合\n4. 因土因作物施肥\n\n三、常见作物推荐方案\n1. 小麦：N 14-16公斤/亩、P2O5 6-8公斤/亩、K2O 4-6公斤/亩\n2. 玉米：N 16-18公斤/亩、P2O5 6-8公斤/亩、K2O 6-8公斤/亩\n3. 水稻：N 12-14公斤/亩、P2O5 5-7公斤/亩、K2O 6-8公斤/亩\n\n四、注意事项\n避免过量施肥造成环境污染和资源浪费。', NULL, 2, '2025-03-15 14:00:00', '2025-03-15 14:00:00');

-- =====================================================
-- 13. 系统日志数据
-- =====================================================
INSERT INTO system_log (user_id, username, module, action, description, ip, create_time) VALUES
(1, 'admin', '用户管理', '创建用户', '创建种植户账号：farmer01(张大山)', '192.168.1.100', '2025-02-10 10:00:00'),
(1, 'admin', '用户管理', '创建用户', '创建种植户账号：farmer02(李春花)', '192.168.1.100', '2025-02-12 10:30:00'),
(1, 'admin', '作物管理', '新增作物', '新增作物信息：水稻-中早39', '192.168.1.100', '2025-01-20 10:00:00'),
(1, 'admin', '农资管理', '新增农资', '新增农资：复合肥(15-15-15)', '192.168.1.100', '2025-01-25 10:20:00'),
(1, 'admin', '库存管理', '入库', '小麦种子入库600公斤', '192.168.1.100', '2025-09-15 10:00:00'),
(4, 'farmer01', '种植计划', '提交计划', '提交2025年冬小麦种植计划', '192.168.1.101', '2025-10-05 09:00:00'),
(2, 'tech01', '种植计划', '审核计划', '审核通过：2025年冬小麦种植计划', '192.168.1.102', '2025-10-08 10:00:00'),
(4, 'farmer01', '田间作业', '新增作业', '记录施肥作业：冬小麦底肥', '192.168.1.101', '2025-10-12 08:30:00'),
(5, 'farmer02', '种植计划', '提交计划', '提交2025年夏玉米种植计划', '192.168.1.103', '2025-06-05 09:00:00'),
(1, 'admin', '公告管理', '发布公告', '发布：关于2025年秋季种子补贴申报的通知', '192.168.1.100', '2025-10-01 09:00:00'),
(9, 'farmer06', '产量记录', '新增记录', '记录南粳46优质稻产量：18000斤', '192.168.1.106', '2025-10-13 10:00:00'),
(1, 'admin', '系统配置', '修改配置', '修改系统名称配置', '192.168.1.100', '2025-01-15 09:00:00'),
(7, 'farmer04', '库存管理', '领用', '领用有机肥2000公斤', '192.168.1.104', '2025-04-21 07:00:00'),
(1, 'admin', '农资管理', '采购入库', '春季农资集中采购入库', '192.168.1.100', '2025-03-15 10:00:00'),
(12, 'farmer09', '田间作业', '新增作业', '记录玉米品种试验田数据采集', '192.168.1.109', '2025-08-01 09:30:00');

-- =====================================================
-- 14. 系统配置数据
-- =====================================================
INSERT INTO system_config (config_key, config_value, description, create_time, update_time) VALUES
('system_name', '农作物种植生产管理系统', '系统名称', '2025-01-15 08:00:00', '2025-01-15 08:00:00'),
('system_version', '1.0.0', '系统版本', '2025-01-15 08:00:00', '2025-01-15 08:00:00'),
('upload_max_size', '10', '文件上传最大大小(MB)', '2025-01-15 08:00:00', '2025-01-15 08:00:00'),
('upload_path', '/uploads', '文件上传路径', '2025-01-15 08:00:00', '2025-01-15 08:00:00'),
('allowed_image_types', 'jpg,jpeg,png,gif,webp', '允许上传的图片类型', '2025-01-15 08:00:00', '2025-01-15 08:00:00'),
('pagination_size', '10', '默认分页大小', '2025-01-15 08:00:00', '2025-01-15 08:00:00'),
('inventory_warning_enabled', 'true', '库存预警开关', '2025-01-15 08:00:00', '2025-01-15 08:00:00'),
('contact_phone', '0371-68888888', '联系电话', '2025-01-15 08:00:00', '2025-01-15 08:00:00'),
('contact_email', 'service@crop-management.com', '联系邮箱', '2025-01-15 08:00:00', '2025-01-15 08:00:00'),
('jwt_expiration', '86400', 'JWT Token有效期(秒)', '2025-01-15 08:00:00', '2025-01-15 08:00:00');
